"Actual_Bike_Rent_Count","final_RF_test"
1600,1404.97821618516
1263,1145.82755993279
1204,1431.28926380421
1927,1376.43961781935
1416,1196.67830980266
1096,1180.16236878256
1005,1409.58776492634
1538,1622.68091060589
1913,2087.9033409483
2927,3227.66817426265
1807,1521.20127326157
2134,2052.80969103119
1872,1847.22263726775
1977,1941.6955737668
2056,1984.92708963981
2077,2496.4454484127
1693,2099.26082611833
2227,2180.94978234728
1795,2372.58758068783
2455,2305.55568181818
3126,3249.30346682858
4189,3618.48936545773
4400,3936.25515910852
5312,3815.15548053709
2633,2663.42332756133
4803,4626.63317478124
3958,4510.5207382331
5805,4475.35267972951
4978,4628.11808124466
4788,4439.6341365015
5342,4971.7432008728
4586,4536.47009006694
5180,4896.37212150772
4744,4545.16767460317
4790,4280.94809090909
5225,4977.36808619812
4665,4480.33744796432
4881,4544.11180693868
5084,5227.16863598166
4458,4507.75514094239
3606,3826.4160298824
4475,4491.91521314358
4576,4072.02911471861
4326,4529.35700625793
4905,5023.73724522077
3805,4588.68981616371
5130,4698.87720539213
4634,4974.43400858649
4727,4277.28394372294
2710,2150.428995671
4713,4982.80940406162
4274,4760.09944176004
2395,4649.87483766234
4120,4286.91056709957
2429,3411.56455785131
4985,5121.99366378066
2913,3890.86074963925
4748,4366.30104040404
4308,4035.68244011232
3894,3886.10423088023
4068,3710.14101311388
4035,3951.36086227349
4067,3349.90593802231
1817,2500.56146031746
3520,3497.78167821068
3068,3584.20616288078
3940,3446.872136879
705,2263.03484270534
2743,3173.59661703774
3709,3467.78876334026
2660,2314.82361571462
1162,1890.47719403542
2294,3808.33902370259
3272,2943.9473413553
2376,2768.18799202325
2311,2730.9318850061
1301,2336.40170270146
4075,3293.31205323056
3624,2913.51506174602
4151,3942.8494152159
3830,3307.5751646868
4169,4240.81927548798
3129,3356.22508188256
3487,3547.7336072897
4363,3938.10227365648
3333,3575.95473602559
4911,4268.15460641631
4378,4904.23831101191
6093,6133.40269954004
3372,5442.27383333333
5459,4685.60853571428
6457,6294.57751445589
5918,6314.95770920558
7460,6458.44776872939
4367,6088.11116873706
5633,5792.71926725562
5572,6072.52783540373
6883,5758.691002886
4717,5447.28735281385
6118,7051.42282100742
8294,7154.32165692641
6734,6593.10756218292
6855,6351.985495671
7641,7505.69807545886
7494,7366.85361117314
7421,6623.12389160839
6825,7006.14388806292
6891,7043.5864179497
6879,7059.29816967623
6227,6568.81753698151
4672,6307.93436930689
6969,6643.274910401
6591,6466.07475714731
6966,6950.75463160668
6904,6341.48936856367
7261,7128.99076933741
7534,7134.8058072264
6883,7299.14761937918
7148,7139.96646057834
7006,7512.92022654979
6917,6816.07003821035
5810,6213.1864563492
7504,6809.53898507798
7767,7600.30007779866
8714,7751.59557738095
8167,7620.71272876485
7393,7010.22485714286
4639,5014.86511111111
7965,6954.99694117647
7691,7181.5009484127
7534,7112.2964484127
7058,7462.95992460317
7852,6723.36060856687
5566,5047.0266897357
5107,5447.8718454439
6536,5186.16778212637
5698,5385.59197869369
5146,5217.16514247436
2424,4619.12785127957
5323,5305.29342480898
5729,6029.02121103896
5501,4916.97341197691
3786,4601.19688564214
4128,5094.42812396522
920,2320.18131101191
1796,2292.23706498016
